{
  "history_head": {
    "train_loss": [
      0.613022550009191,
      0.4836712582036853,
      0.41221972834318876
    ],
    "val_loss": [
      0.5327649457114083,
      0.410793947322028,
      0.33575768981661114
    ],
    "train_acc": [
      0.7392578125,
      0.9423828125,
      0.9453125
    ],
    "val_acc": [
      0.9375,
      0.9866071428571429,
      0.9955357142857143
    ]
  },
  "history_ft": {
    "train_loss": [
      0.33609368093311787,
      0.26858647307381034,
      0.22571943467482924,
      0.17482705251313746,
      0.1595570861827582
    ],
    "val_loss": [
      0.25588145000594004,
      0.1854410884635789,
      0.14777688362768718,
      0.11339416993515831,
      0.0886403274323259
    ],
    "train_acc": [
      0.95703125,
      0.958984375,
      0.966796875,
      0.9697265625,
      0.966796875
    ],
    "val_acc": [
      0.9866071428571429,
      0.9910714285714286,
      0.9910714285714286,
      0.9910714285714286,
      0.9955357142857143
    ]
  },
  "resnet_test": {
    "loss": 0.13466277079922812,
    "acc": 0.9776785714285714,
    "precision": 0.9901960784313725,
    "recall": 0.99,
    "f1": 0.98999899989999,
    "cm_path": "./visualizations\\cm_resnet50_ft.png"
  }
}